190001,32.9,1.6
190002,31.4,-1.8
190003,36.5,-5.7
190004,50.9,-1.2
190005,62.2,-0.1
190006,70.8,0.3
190007,76.4,1.5
190008,77.1,4.2
190009,71.7,5.2
190010,59.0,3.9
190011,46.4,2.5
190012,33.8,-0.3
190101,32.8,1.5
190102,27.1,-6.1
190103,43.0,0.8
190104,48.2,-3.9
190105,60.5,-1.8
190106,70.0,-0.5
190107,77.4,2.5
190108,73.1,0.2
190109,65.0,-1.5
190110,53.6,-1.5
190111,38.2,-5.7
190112,30.5,-3.6
190201,28.5,-2.8
190202,26.1,-7.1
190203,44.0,1.8
190204,50.8,-1.3
190205,65.1,2.8
190206,71.0,0.5
190207,76.0,1.1
190208,71.0,-1.9
190209,64.8,-1.7
190210,56.0,0.9
190211,48.9,5.0
190212,31.1,-3.0
190301,29.6,-1.7
190302,33.8,0.6
190303,48.2,6.0
190304,50.9,-1.2
190305,62.6,0.3
190306,65.5,-5.0
190307,73.7,-1.2
190308,70.2,-2.7
190309,64.7,-1.8
190310,55.1,0.0
190311,38.9,-5.0
190312,28.0,-6.1
190401,22.3,-9.0
190402,25.2,-8.0
190403,40.4,-1.8
190404,47.2,-4.9
190405,62.8,0.5
190406,69.6,-0.9
190407,72.7,-2.2
190408,70.2,-2.7
190409,66.4,-0.1
190410,52.4,-2.7
190411,40.0,-3.9
190412,26.2,-7.9
190501,25.3,-6.0
190502,23.7,-9.5
190503,43.1,0.9
190504,51.8,-0.3
190505,63.9,1.6
190506,70.3,-0.2
190507,74.4,-0.5
190508,71.6,-1.3
190509,66.6,0.1
190510,55.1,0.0
190511,41.4,-2.5
190512,33.9,-0.2
190601,37.3,6.0
190602,31.5,-1.7
190603,35.2,-7.0
190604,54.0,1.9
190605,63.3,1.0
190606,71.9,1.4
190607,74.3,-0.6
190608,75.3,2.4
190609,70.0,3.5
190610,53.8,-1.3
190611,44.5,0.6
190612,32.8,-1.3
190701,33.0,1.7
190702,25.6,-7.6
190703,45.8,3.6
190704,46.9,-5.2
190705,58.2,-4.1
190706,64.9,-5.6
190707,73.2,-1.7
190708,70.8,-2.1
190709,67.1,0.6
190710,49.8,-5.3
190711,40.9,-3.0
190712,34.5,0.4
190801,30.2,-1.1
190802,27.1,-6.1
190803,45.2,3.0
190804,53.8,1.7
190805,63.2,0.9
190806,69.8,-0.7
190807,75.6,0.7
190808,70.5,-2.4
190809,65.0,-1.5
190810,56.0,0.9
190811,42.4,-1.5
190812,34.2,0.1
190901,31.7,0.4
190902,40.0,6.8
190903,40.5,-1.7
190904,51.8,-0.3
190905,62.1,-0.2
190906,71.1,0.6
190907,73.2,-1.7
190908,71.6,-1.3
190909,64.7,-1.8
190910,50.5,-4.6
190911,48.0,4.1
190912,28.0,-6.1
191001,30.1,-1.2
191002,31.2,-2.0
191003,49.1,6.9
191004,55.4,3.3
191005,59.6,-2.7
191006,67.9,-2.6
191007,75.5,0.6
191008,72.3,-0.6
191009,69.4,2.9
191010,58.0,2.9
191011,38.8,-5.1
191012,25.6,-8.5
191101,34.3,3.0
191102,34.4,1.2
191103,38.4,-3.8
191104,49.2,-2.9
191105,68.4,6.1
191106,70.8,0.3
191107,76.4,1.5
191108,73.7,0.8
191109,67.9,1.4
191110,54.7,-0.4
191111,40.6,-3.3
191112,38.6,4.5
191201,21.6,-9.7
191202,26.9,-6.3
191203,38.5,-3.7
191204,54.4,2.3
191205,64.4,2.1
191206,68.4,-2.1
191207,73.9,-1.0
191208,70.3,-2.6
191209,68.4,1.9
191210,56.1,1.0
191211,44.1,0.2
191212,35.7,1.6
191301,39.2,7.9
191302,33.6,0.4
191303,46.5,4.3
191304,53.6,1.5
191305,61.8,-0.5
191306,70.9,0.4
191307,75.2,0.3
191308,72.1,-0.8
191309,65.1,-1.4
191310,56.4,1.3
191311,45.1,1.2
191312,37.9,3.8
191401,34.2,2.9
191402,26.2,-7.0
191403,37.0,-5.2
191404,51.0,-1.1
191405,65.3,3.0
191406,72.8,2.3
191407,74.0,-0.9
191408,73.6,0.7
191409,63.8,-2.7
191410,58.3,3.2
191411,42.6,-1.3
191412,29.3,-4.8
191501,31.6,0.3
191502,35.2,2.0
191503,36.5,-5.7
191504,57.7,5.6
191505,60.7,-1.6
191506,68.6,-1.9
191507,74.3,-0.6
191508,71.6,-1.3
191509,68.6,2.1
191510,56.3,1.2
191511,43.0,-0.9
191512,31.4,-2.7
191601,35.9,4.6
191602,31.6,-1.6
191603,35.1,-7.1
191604,51.3,-0.8
191605,64.9,2.6
191606,67.2,-3.3
191607,75.3,0.4
191608,73.4,0.5
191609,64.4,-2.1
191610,53.8,-1.3
191611,43.8,-0.1
191612,31.8,-2.3
191701,31.5,0.2
191702,31.2,-2.0
191703,40.5,-1.7
191704,51.9,-0.2
191705,57.2,-5.1
191706,69.4,-1.1
191707,73.9,-1.0
191708,72.3,-0.6
191709,60.8,-5.7
191710,48.4,-6.7
191711,39.5,-4.4
191712,23.4,-10.7
191801,19.0,-12.3
191802,32.7,-0.5
191803,46.4,4.2
191804,49.6,-2.5
191805,67.8,5.5
191806,68.2,-2.3
191807,71.7,-3.2
191808,74.5,1.6
191809,61.6,-4.9
191810,57.6,2.5
191811,41.4,-2.5
191812,37.7,3.6
191901,34.8,3.5
191902,33.4,0.2
191903,43.8,1.6
191904,50.7,-1.4
191905,61.5,-0.8
191906,71.8,1.3
191907,74.7,-0.2
191908,70.7,-2.2
191909,67.2,0.7
191910,60.8,5.7
191911,43.3,-0.6
191912,28.4,-5.7
192001,26.1,-5.2
192002,29.5,-3.7
192003,42.2,0.0
192004,49.3,-2.8
192005,58.3,-4.0
192006,69.0,-1.5
192007,72.6,-2.3
192008,72.0,-0.9
192009,67.1,0.6
192010,59.8,4.7
192011,41.6,-2.3
192012,35.4,1.3
192101,33.1,1.8
192102,36.5,3.3
192103,52.4,10.2
192104,58.1,6.0
192105,61.3,-1.0
192106,72.2,1.7
192107,77.0,2.1
192108,70.4,-2.5
192109,72.2,5.7
192110,55.4,0.3
192111,44.8,0.9
192112,34.3,0.2
192201,27.7,-3.6
192202,35.9,2.7
192203,42.8,0.6
192204,52.7,0.6
192205,64.8,2.5
192206,72.8,2.3
192207,74.5,-0.4
192208,70.7,-2.2
192209,68.6,2.1
192210,57.5,2.4
192211,44.6,0.7
192212,34.7,0.6
192301,32.5,1.2
192302,29.2,-4.0
192303,42.7,0.5
192304,51.1,-1.0
192305,61.2,-1.1
192306,73.5,3.0
192307,74.5,-0.4
192308,71.7,-1.2
192309,67.1,0.6
192310,53.3,-1.8
192311,41.7,-2.2
192312,41.7,7.6
192401,31.1,-0.2
192402,30.2,-3.0
192403,39.7,-2.5
192404,49.1,-3.0
192405,58.1,-4.2
192406,69.5,-1.0
192407,72.4,-2.5
192408,73.0,0.1
192409,61.4,-5.1
192410,56.0,0.9
192411,42.9,-1.0
192412,33.0,-1.1
192501,28.5,-2.8
192502,38.6,5.4
192503,44.1,1.9
192504,54.1,2.0
192505,58.4,-3.9
192506,75.9,5.4
192507,74.3,-0.6
192508,71.8,-1.1
192509,71.5,5.0
192510,49.2,-5.9
192511,40.8,-3.1
192512,33.4,-0.7
192601,30.2,-1.1
192602,32.9,-0.3
192603,37.6,-4.6
192604,48.7,-3.4
192605,63.5,1.2
192606,67.2,-3.3
192607,75.0,0.1
192608,74.0,1.1
192609,66.9,0.4
192610,53.8,-1.3
192611,40.9,-3.0
192612,30.0,-4.1
192701,30.6,-0.7
192702,38.2,5.0
192703,44.7,2.5
192704,48.3,-3.8
192705,61.5,-0.8
192706,66.3,-4.2
192707,74.5,-0.4
192708,68.1,-4.8
192709,68.8,2.3
192710,58.3,3.2
192711,48.4,4.5
192712,35.3,1.2
192801,33.2,1.9
192802,34.1,0.9
192803,40.8,-1.4
192804,48.8,-3.3
192805,61.4,-0.9
192806,68.1,-2.4
192807,75.5,0.6
192808,74.0,1.1
192809,62.2,-4.3
192810,56.2,1.1
192811,44.9,1.0
192812,35.8,1.7
192901,29.9,-1.4
192902,31.3,-1.9
192903,47.4,5.2
192904,55.5,3.4
192905,60.7,-1.6
192906,69.8,-0.7
192907,73.3,-1.6
192908,71.6,-1.3
192909,67.9,1.4
192910,52.9,-2.2
192911,44.2,0.3
192912,35.2,1.1
193001,32.2,0.9
193002,38.9,5.7
193003,41.6,-0.6
193004,50.2,-1.9
193005,64.9,2.6
193006,72.0,1.5
193007,77.8,2.9
193008,75.2,2.3
193009,73.9,7.4
193010,53.4,-1.7
193011,43.5,-0.4
193012,31.3,-2.8
193101,34.3,3.0
193102,36.1,2.9
193103,38.1,-4.1
193104,50.6,-1.5
193105,62.3,0.0
193106,72.0,1.5
193107,78.8,3.9
193108,73.7,0.8
193109,71.9,5.4
193110,58.1,3.0
193111,50.8,6.9
193112,40.9,6.8
193201,42.9,11.6
193202,40.5,7.3
193203,37.2,-5.0
193204,50.1,-2.0
193205,62.2,-0.1
193206,71.4,0.9
193207,76.1,1.2
193208,75.5,2.6
193209,68.6,2.1
193210,54.6,-0.5
193211,41.2,-2.7
193212,36.6,2.5
193301,39.6,8.3
193302,34.9,1.7
193303,39.7,-2.5
193304,52.6,0.5
193305,65.2,2.9
193306,72.9,2.4
193307,74.5,-0.4
193308,74.0,1.1
193309,70.0,3.5
193310,53.9,-1.2
193311,41.3,-2.6
193312,35.6,1.5
193401,35.9,4.6
193402,22.0,-11.2
193403,38.2,-4.0
193404,51.4,-0.7
193405,64.5,2.2
193406,75.3,4.8
193407,78.6,3.7
193408,72.2,-0.7
193409,67.8,1.3
193410,54.2,-0.9
193411,46.4,2.5
193412,33.8,-0.3
193501,29.0,-2.3
193502,31.5,-1.7
193503,46.1,3.9
193504,49.0,-3.1
193505,59.5,-2.8
193506,70.3,-0.2
193507,78.1,3.2
193508,74.4,1.5
193509,64.7,-1.8
193510,55.2,0.1
193511,46.7,2.8
193512,28.4,-5.7
193601,25.7,-5.6
193602,25.2,-8.0
193603,46.2,4.0
193604,48.9,-3.2
193605,65.1,2.8
193606,70.6,0.1
193607,76.8,1.9
193608,76.3,3.4
193609,69.2,2.7
193610,57.0,1.9
193611,41.1,-2.8
193612,35.2,1.1
193701,39.5,8.2
193702,32.6,-0.6
193703,38.8,-3.4
193704,49.9,-2.2
193705,63.8,1.5
193706,73.1,2.6
193707,74.5,-0.4
193708,75.6,2.7
193709,63.7,-2.8
193710,52.2,-2.9
193711,43.4,-0.5
193712,33.4,-0.7
193801,31.3,0.0
193802,38.6,5.4
193803,46.0,3.8
193804,53.8,1.7
193805,61.9,-0.4
193806,70.4,-0.1
193807,76.7,1.8
193808,76.5,3.6
193809,65.5,-1.0
193810,56.0,0.9
193811,45.9,2.0
193812,33.3,-0.8
193901,33.2,1.9
193902,37.9,4.7
193903,43.5,1.3
193904,49.6,-2.5
193905,65.5,3.2
193906,73.3,2.8
193907,74.0,-0.9
193908,76.7,3.8
193909,67.6,1.1
193910,56.0,0.9
193911,42.2,-1.7
193912,36.0,1.9
194001,20.0,-11.3
194002,32.8,-0.4
194003,37.4,-4.8
194004,47.5,-4.6
194005,62.1,-0.2
194006,71.8,1.3
194007,75.0,0.1
194008,70.6,-2.3
194009,63.7,-2.8
194010,52.7,-2.4
194011,43.5,-0.4
194012,38.4,4.3
194101,29.8,-1.5
194102,30.5,-2.7
194103,36.8,-5.4
194104,56.8,4.7
194105,64.4,2.1
194106,70.4,-0.1
194107,74.9,0.0
194108,72.6,-0.3
194109,70.0,3.5
194110,61.5,6.4
194111,46.7,2.8
194112,37.7,3.6
194201,30.3,-1.0
194202,30.8,-2.4
194203,43.6,1.4
194204,55.2,3.1
194205,65.5,3.2
194206,71.5,1.0
194207,75.4,0.5
194208,72.2,-0.7
194209,66.7,0.2
194210,56.4,1.3
194211,44.7,0.8
194212,30.3,-3.8
194301,31.9,0.6
194302,34.6,1.4
194303,40.9,-1.3
194304,47.8,-4.3
194305,64.2,1.9
194306,76.4,5.9
194307,75.3,0.4
194308,76.0,3.1
194309,65.0,-1.5
194310,53.4,-1.7
194311,42.2,-1.7
194312,33.3,-0.8
194401,32.8,1.5
194402,34.1,0.9
194403,38.8,-3.4
194404,49.8,-2.3
194405,68.7,6.4
194406,73.0,2.5
194407,76.1,1.2
194408,74.4,1.5
194409,67.6,1.1
194410,53.8,-1.3
194411,43.5,-0.4
194412,29.8,-4.3
194501,25.9,-5.4
194502,33.6,0.4
194503,52.8,10.6
194504,55.2,3.1
194505,60.1,-2.2
194506,70.7,0.2
194507,74.0,-0.9
194508,71.9,-1.0
194509,69.6,3.1
194510,54.0,-1.1
194511,44.7,0.8
194512,29.0,-5.1
194601,32.6,1.3
194602,34.4,1.2
194603,49.8,7.6
194604,52.1,0.0
194605,62.1,-0.2
194606,69.3,-1.2
194607,73.8,-1.1
194608,69.3,-3.6
194609,66.9,0.4
194610,58.0,2.9
194611,47.7,3.8
194612,38.3,4.2
194701,37.3,6.0
194702,27.5,-5.7
194703,35.2,-7.0
194704,53.8,1.7
194705,61.6,-0.7
194706,68.9,-1.6
194707,72.4,-2.5
194708,75.6,2.7
194709,67.3,0.8
194710,60.9,5.8
194711,41.8,-2.1
194712,32.5,-1.6
194801,24.8,-6.5
194802,33.2,0.0
194803,45.2,3.0
194804,53.2,1.1
194805,62.3,0.0
194806,71.2,0.7
194807,74.1,-0.8
194808,72.0,-0.9
194809,65.8,-0.7
194810,52.8,-2.3
194811,48.5,4.6
194812,36.1,2.0
194901,38.9,7.6
194902,39.8,6.6
194903,43.2,1.0
194904,51.7,-0.4
194905,62.8,0.5
194906,72.0,1.5
194907,78.0,3.1
194908,74.0,1.1
194909,63.1,-3.4
194910,59.6,4.5
194911,44.1,0.2
194912,37.0,2.9
195001,41.9,10.6
195002,34.2,1.0
195003,38.2,-4.0
195004,48.7,-3.4
195005,62.0,-0.3
195006,70.0,-0.5
195007,72.4,-2.5
195008,72.6,-0.3
195009,63.8,-2.7
195010,56.2,1.1
195011,43.3,-0.6
195012,30.7,-3.4
195101,34.2,2.9
195102,34.8,1.6
195103,41.5,-0.7
195104,51.8,-0.3
195105,62.0,-0.3
195106,70.2,-0.3
195107,75.1,0.2
195108,72.8,-0.1
195109,66.0,-0.5
195110,57.4,2.3
195111,39.0,-4.9
195112,35.5,1.4
195201,36.4,5.1
195202,36.8,3.6
195203,40.1,-2.1
195204,53.3,1.2
195205,60.9,-1.4
195206,73.4,2.9
195207,77.2,2.3
195208,72.8,-0.1
195209,65.3,-1.2
195210,51.6,-3.5
195211,44.6,0.7
195212,34.9,0.8
195301,36.8,5.5
195302,38.8,5.6
195303,43.7,1.5
195304,51.7,-0.4
195305,66.2,3.9
195306,71.1,0.6
195307,76.2,1.3
195308,73.4,0.5
195309,66.1,-0.4
195310,57.2,2.1
195311,44.2,0.3
195312,36.6,2.5
195401,31.9,0.6
195402,39.2,6.0
195403,42.0,-0.2
195404,56.2,4.1
195405,59.0,-3.3
195406,71.3,0.8
195407,74.4,-0.5
195408,71.7,-1.2
195409,68.1,1.6
195410,57.8,2.7
195411,40.7,-3.2
195412,33.4,-0.7
195501,30.6,-0.7
195502,33.2,0.0
195503,43.7,1.5
195504,55.1,3.0
195505,63.7,1.4
195506,66.6,-3.9
195507,78.7,3.8
195508,75.6,2.7
195509,65.6,-0.9
195510,55.6,0.5
195511,40.9,-3.0
195512,29.4,-4.7
195601,30.6,-0.7
195602,36.9,3.7
195603,40.2,-2.0
195604,49.8,-2.3
195605,60.7,-1.6
195606,70.4,-0.1
195607,73.0,-1.9
195608,71.9,-1.0
195609,63.5,-3.0
195610,56.0,0.9
195611,43.9,0.0
195612,41.8,7.7
195701,29.2,-2.1
195702,37.6,4.4
195703,42.1,-0.1
195704,55.4,3.3
195705,63.6,1.3
195706,72.4,1.9
195707,74.3,-0.6
195708,71.9,-1.0
195709,67.8,1.3
195710,51.2,-3.9
195711,44.8,0.9
195712,37.0,2.9
195801,30.2,-1.1
195802,27.6,-5.6
195803,37.8,-4.4
195804,52.9,0.8
195805,61.3,-1.0
195806,67.5,-3.0
195807,75.4,0.5
195808,71.7,-1.2
195809,65.2,-1.3
195810,54.8,-0.3
195811,46.0,2.1
195812,28.2,-5.9
195901,29.9,-1.4
195902,34.8,1.6
195903,41.6,-0.6
195904,55.0,2.9
195905,65.5,3.2
195906,71.0,0.5
195907,74.8,-0.1
195908,76.0,3.1
195909,69.0,2.5
195910,57.7,2.6
195911,42.3,-1.6
195912,37.3,3.2
196001,34.0,2.7
196002,33.6,0.4
196003,31.2,-11.0
196004,56.9,4.8
196005,59.8,-2.5
196006,69.7,-0.8
196007,72.4,-2.5
196008,74.6,1.7
196009,66.5,0.0
196010,54.6,-0.5
196011,45.3,1.4
196012,26.9,-7.2
196101,26.1,-5.2
196102,35.0,1.8
196103,44.4,2.2
196104,47.8,-4.3
196105,58.0,-4.3
196106,69.7,-0.8
196107,74.6,-0.3
196108,73.6,0.7
196109,70.9,4.4
196110,56.3,1.2
196111,46.4,2.5
196112,32.6,-1.5
196201,31.4,0.1
196202,31.3,-1.9
196203,39.9,-2.3
196204,52.6,0.5
196205,65.4,3.1
196206,70.1,-0.4
196207,71.2,-3.7
196208,72.4,-0.5
196209,62.9,-3.6
196210,56.5,1.4
196211,40.9,-3.0
196212,29.3,-4.8
196301,27.5,-3.8
196302,26.6,-6.6
196303,44.7,2.5
196304,53.3,1.2
196305,61.7,-0.6
196306,69.8,-0.7
196307,74.0,-0.9
196308,71.4,-1.5
196309,63.0,-3.5
196310,58.5,3.4
196311,46.4,2.5
196312,27.2,-6.9
196401,32.3,1.0
196402,31.5,-1.7
196403,42.9,0.7
196404,50.0,-2.1
196405,63.7,1.4
196406,72.0,1.5
196407,75.0,0.1
196408,70.9,-2.0
196409,65.4,-1.1
196410,51.2,-3.9
196411,46.8,2.9
196412,36.3,2.2
196501,29.4,-1.9
196502,34.1,0.9
196503,38.5,-3.7
196504,50.2,-1.9
196505,66.5,4.2
196506,68.6,-1.9
196507,73.8,-1.1
196508,73.0,0.1
196509,68.3,1.8
196510,52.6,-2.5
196511,44.7,0.8
196512,38.3,4.2
196601,27.6,-3.7
196602,32.0,-1.2
196603,43.9,1.7
196604,47.7,-4.4
196605,60.5,-1.8
196606,70.9,0.4
196607,76.5,1.6
196608,74.1,1.2
196609,63.5,-3.0
196610,52.2,-2.9
196611,44.1,0.2
196612,33.0,-1.1
196701,36.7,5.4
196702,29.2,-4.0
196703,41.4,-0.8
196704,53.9,1.8
196705,56.0,-6.3
196706,70.6,0.1
196707,72.9,-2.0
196708,71.0,-1.9
196709,62.6,-3.9
196710,53.0,-2.1
196711,40.1,-3.8
196712,35.6,1.5
196801,27.0,-4.3
196802,29.8,-3.4
196803,45.6,3.4
196804,53.5,1.4
196805,58.2,-4.1
196806,70.0,-0.5
196807,74.5,-0.4
196808,74.8,1.9
196809,66.6,0.1
196810,56.1,1.0
196811,44.8,0.9
196812,32.0,-2.1
196901,28.3,-3.0
196902,31.9,-1.3
196903,38.5,-3.7
196904,54.6,2.5
196905,63.2,0.9
196906,71.9,1.4
196907,75.2,0.3
196908,71.7,-1.2
196909,65.4,-1.1
196910,53.8,-1.3
196911,41.8,-2.1
196912,31.1,-3.0
197001,24.9,-6.4
197002,32.8,-0.4
197003,37.8,-4.4
197004,51.8,-0.3
197005,64.8,2.5
197006,70.3,-0.2
197007,74.1,-0.8
197008,73.6,0.7
197009,69.8,3.3
197010,57.3,2.2
197011,44.5,0.6
197012,35.5,1.4
197101,26.7,-4.6
197102,34.8,1.6
197103,39.4,-2.8
197104,50.7,-1.4
197105,59.3,-3.0
197106,72.1,1.6
197107,73.4,-1.5
197108,71.2,-1.7
197109,67.9,1.4
197110,60.0,4.9
197111,43.5,-0.4
197112,41.5,7.4
197201,35.0,3.7
197202,31.6,-1.6
197203,41.6,-0.6
197204,50.6,-1.5
197205,61.2,-1.1
197206,66.4,-4.1
197207,74.2,-0.7
197208,71.6,-1.3
197209,66.8,0.3
197210,51.1,-4.0
197211,41.2,-2.7
197212,38.6,4.5
197301,33.9,2.6
197302,32.4,-0.8
197303,47.7,5.5
197304,51.4,-0.7
197305,58.8,-3.5
197306,72.4,1.9
197307,74.4,-0.5
197308,74.5,1.6
197309,68.4,1.9
197310,56.8,1.7
197311,46.8,2.9
197312,35.6,1.5
197401,37.9,6.6
197402,33.1,-0.1
197403,44.5,2.3
197404,54.5,2.4
197405,60.8,-1.5
197406,66.5,-4.0
197407,73.3,-1.6
197408,72.9,0.0
197409,64.4,-2.1
197410,52.3,-2.8
197411,45.6,1.7
197412,37.0,2.9
197501,35.3,4.0
197502,35.0,1.8
197503,39.9,-2.3
197504,47.8,-4.3
197505,64.6,2.3
197506,70.4,-0.1
197507,73.4,-1.5
197508,74.6,1.7
197509,63.1,-3.4
197510,57.7,2.6
197511,49.2,5.3
197512,34.1,0.0
197601,28.3,-3.0
197602,42.4,9.2
197603,46.6,4.4
197604,54.9,2.8
197605,59.5,-2.8
197606,71.7,1.2
197607,72.0,-2.9
197608,70.5,-2.4
197609,64.7,-1.8
197610,49.9,-5.2
197611,39.1,-4.8
197612,30.1,-4.0
197701,20.4,-10.9
197702,34.4,1.2
197703,48.1,5.9
197704,55.3,3.2
197705,64.8,2.5
197706,68.5,-2.0
197707,76.2,1.3
197708,74.1,1.2
197709,68.5,2.0
197710,52.5,-2.6
197711,45.9,2.0
197712,31.7,-2.4
197801,25.7,-5.6
197802,24.5,-8.7
197803,38.5,-3.7
197804,51.9,-0.2
197805,60.4,-1.9
197806,70.4,-0.1
197807,72.7,-2.2
197808,75.2,2.3
197809,67.8,1.3
197810,53.2,-1.9
197811,46.0,2.1
197812,37.2,3.1
197901,28.8,-2.5
197902,22.9,-10.3
197903,45.1,2.9
197904,51.1,-1.0
197905,62.0,-0.3
197906,67.5,-3.0
197907,72.6,-2.3
197908,72.6,-0.3
197909,65.3,-1.2
197910,53.4,-1.7
197911,48.5,4.6
197912,37.9,3.8
198001,31.1,-0.2
198002,30.0,-3.2
198003,39.8,-2.4
198004,53.2,1.1
198005,64.2,1.9
198006,68.2,-2.3
198007,75.9,1.0
198008,75.6,2.7
198009,69.4,2.9
198010,53.5,-1.6
198011,41.8,-2.1
198012,33.9,-0.2
198101,26.6,-4.7
198102,36.6,3.4
198103,40.2,-2.0
198104,56.1,4.0
198105,60.4,-1.9
198106,72.0,1.5
198107,74.0,-0.9
198108,70.7,-2.2
198109,65.0,-1.5
198110,51.6,-3.5
198111,44.9,1.0
198112,32.2,-1.9
198201,24.5,-6.8
198202,34.3,1.1
198203,41.9,-0.3
198204,50.0,-2.1
198205,65.2,2.9
198206,68.3,-2.2
198207,74.3,-0.6
198208,69.8,-3.1
198209,65.0,-1.5
198210,55.1,0.0
198211,47.2,3.3
198212,41.0,6.9
198301,32.3,1.0
198302,33.6,0.4
198303,44.1,1.9
198304,49.7,-2.4
198305,60.0,-2.3
198306,70.5,0.0
198307,75.6,0.7
198308,75.7,2.8
198309,66.8,0.3
198310,54.8,-0.3
198311,45.2,1.3
198312,30.3,-3.8
198401,26.7,-4.6
198402,38.9,5.7
198403,36.6,-5.6
198404,50.3,-1.8
198405,61.0,-1.3
198406,71.8,1.3
198407,72.5,-2.4
198408,73.4,0.5
198409,63.5,-3.0
198410,60.8,5.7
198411,42.6,-1.3
198412,43.0,8.9
198501,27.3,-4.0
198502,34.3,1.1
198503,44.8,2.6
198504,56.8,4.7
198505,63.8,1.5
198506,68.7,-1.8
198507,74.1,-0.8
198508,72.1,-0.8
198509,67.0,0.5
198510,57.2,2.1
198511,50.4,6.5
198512,32.2,-1.9
198601,31.4,0.1
198602,31.6,-1.6
198603,43.7,1.5
198604,53.3,1.2
198605,63.6,1.3
198606,72.4,1.9
198607,77.6,2.7
198608,71.1,-1.8
198609,67.4,0.9
198610,57.0,1.9
198611,42.3,-1.6
198612,35.8,1.7
198701,30.5,-0.8
198702,33.0,-0.2
198703,44.2,2.0
198704,50.9,-1.2
198705,63.5,1.2
198706,72.8,2.3
198707,78.1,3.2
198708,74.3,1.4
198709,67.4,0.9
198710,50.1,-5.0
198711,46.8,2.9
198712,38.0,3.9
198801,26.9,-4.4
198802,33.9,0.7
198803,43.4,1.2
198804,51.5,-0.6
198805,62.4,0.1
198806,70.7,0.2
198807,78.0,3.1
198808,76.3,3.4
198809,64.5,-2.0
198810,50.1,-5.0
198811,45.4,1.5
198812,34.5,0.4
198901,36.2,4.9
198902,34.4,1.2
198903,41.8,-0.4
198904,51.2,-0.9
198905,60.5,-1.8
198906,72.4,1.9
198907,74.7,-0.2
198908,72.5,-0.4
198909,66.7,0.2
198910,56.3,1.2
198911,43.6,-0.3
198912,23.0,-11.1
199001,40.1,8.8
199002,41.2,8.0
199003,47.2,5.0
199004,53.6,1.5
199005,60.6,-1.7
199006,70.8,0.3
199007,75.2,0.3
199008,72.0,-0.9
199009,65.1,-1.4
199010,58.2,3.1
199011,48.5,4.6
199012,39.7,5.6
199101,33.1,1.8
199102,39.1,5.9
199103,45.4,3.2
199104,55.0,2.9
199105,68.8,6.5
199106,71.8,1.3
199107,77.1,2.2
199108,75.6,2.7
199109,66.3,-0.2
199110,56.3,1.2
199111,44.1,0.2
199112,38.8,4.7
199201,34.0,2.7
199202,37.4,4.2
199203,41.0,-1.2
199204,52.1,0.0
199205,58.8,-3.5
199206,67.6,-2.9
199207,75.0,0.1
199208,69.6,-3.3
199209,64.7,-1.8
199210,52.2,-2.9
199211,44.5,0.6
199212,34.9,0.8
199301,36.0,4.7
199302,31.3,-1.9
199303,38.6,-3.6
199304,51.6,-0.5
199305,64.1,1.8
199306,70.7,0.2
199307,77.9,3.0
199308,75.6,2.7
199309,66.7,0.2
199310,53.4,-1.7
199311,44.2,0.3
199312,33.4,-0.7
199401,24.9,-6.4
199402,32.6,-0.6
199403,41.1,-1.1
199404,58.0,5.9
199405,58.7,-3.6
199406,74.2,3.7
199407,76.5,1.6
199408,71.4,-1.5
199409,64.8,-1.7
199410,53.4,-1.7
199411,49.5,5.6
199412,40.3,6.2
199501,35.9,4.6
199502,30.9,-2.3
199503,45.6,3.4
199504,52.1,0.0
199505,61.4,-0.9
199506,70.5,0.0
199507,76.7,1.8
199508,75.5,2.6
199509,65.3,-1.2
199510,57.7,2.6
199511,39.7,-4.2
199512,31.6,-2.5
199601,29.7,-1.6
199602,34.2,1.0
199603,38.0,-4.2
199604,53.4,1.3
199605,59.8,-2.5
199606,72.1,1.6
199607,72.4,-2.5
199608,71.7,-1.2
199609,65.8,-0.7
199610,55.2,0.1
199611,39.3,-4.6
199612,37.7,3.6
199701,32.5,1.2
199702,39.5,6.3
199703,44.4,2.2
199704,50.1,-2.0
199705,58.4,-3.9
199706,69.4,-1.1
199707,75.3,0.4
199708,72.5,-0.4
199709,65.2,-1.3
199710,54.7,-0.4
199711,42.5,-1.4
199712,37.3,3.2
199801,39.8,8.5
199802,40.4,7.2
199803,44.3,2.1
199804,54.8,2.7
199805,65.5,3.2
199806,70.4,-0.1
199807,75.3,0.4
199808,74.8,1.9
199809,71.6,5.1
199810,56.2,1.1
199811,45.8,1.9
199812,41.5,7.4
199901,34.6,3.3
199902,37.2,4.0
199903,40.6,-1.6
199904,53.4,1.3
199905,62.2,-0.1
199906,70.8,0.3
199907,78.4,3.5
199908,74.0,1.1
199909,66.5,0.0
199910,52.8,-2.3
199911,50.3,6.4
199912,37.6,3.5
200001,32.1,0.8
200002,39.0,5.8
200003,47.9,5.7
200004,53.2,1.1
200005,64.5,2.2
200006,72.1,1.6
200007,71.7,-3.2
200008,72.2,-0.7
200009,65.2,-1.3
200010,57.1,2.0
200011,42.5,-1.4
200012,27.9,-6.2
200101,31.6,0.3
200102,38.7,5.5
200103,40.1,-2.1
200104,55.0,2.9
200105,62.2,-0.1
200106,71.5,1.0
200107,71.6,-3.3
200108,75.7,2.8
200109,64.8,-1.7
200110,55.4,0.3
200111,50.0,6.1
200112,41.3,7.2
200201,38.8,7.5
200202,39.8,6.6
200203,44.7,2.5
200204,56.4,4.3
200205,61.0,-1.3
200206,72.8,2.3
200207,76.8,1.9
200208,76.2,3.3
200209,68.1,1.6
200210,54.4,-0.7
200211,44.0,0.1
200212,33.2,-0.9
200301,28.4,-2.9
200302,30.8,-2.4
200303,44.1,1.9
200304,52.5,0.4
200305,60.2,-2.1
200306,68.6,-1.9
200307,74.9,0.0
200308,75.9,3.0
200309,66.7,0.2
200310,53.2,-1.9
200311,50.2,6.3
200312,35.6,1.5
200401,28.0,-3.3
200402,33.5,0.3
200403,46.0,3.8
200404,54.7,2.6
200405,69.3,7.0
200406,70.4,-0.1
200407,75.2,0.3
200408,73.3,0.4
200409,67.9,1.4
200410,54.8,-0.3
200411,48.4,4.5
200412,36.6,2.5
200501,34.7,3.4
200502,36.9,3.7
200503,40.1,-2.1
200504,54.4,2.3
200505,58.4,-3.9
200506,72.9,2.4
200507,77.3,2.4
200508,75.9,3.0
200509,69.9,3.4
200510,57.6,2.5
200511,47.3,3.4
200512,32.6,-1.5
200601,40.8,9.5
200602,35.9,2.7
200603,44.8,2.6
200604,56.6,4.5
200605,61.2,-1.1
200606,71.3,0.8
200607,77.2,2.3
200608,76.4,3.5
200609,64.5,-2.0
200610,53.6,-1.5
200611,48.0,4.1
200612,41.8,7.7
200701,37.8,6.5
200702,27.9,-5.3
200703,44.8,2.6
200704,51.5,-0.6
200705,64.5,2.2
200706,72.6,2.1
200707,75.3,0.4
200708,76.4,3.5
200709,69.3,2.8
200710,62.1,7.0
200711,45.0,1.1
200712,37.2,3.1
200801,34.8,3.5
200802,36.6,3.4
200803,44.0,1.8
200804,55.5,3.4
200805,59.4,-2.9
200806,73.6,3.1
200807,75.5,0.6
200808,71.9,-1.0
200809,67.6,1.1
200810,53.6,-1.5
200811,43.8,-0.1
200812,36.8,2.7
200901,28.7,-2.6
200902,36.9,3.7
200903,42.9,0.7
200904,54.4,2.3
200905,62.6,0.3
200906,70.3,-0.2
200907,72.5,-2.4
200908,75.9,3.0
200909,66.2,-0.3
200910,53.8,-1.3
200911,48.7,4.8
200912,33.8,-0.3
201001,32.0,0.7
201002,31.2,-2.0
201003,47.6,5.4
201004,57.6,5.5
201005,64.5,2.2
201006,75.4,4.9
201007,78.9,4.0
201008,75.8,2.9
201009,69.8,3.3
201010,57.1,2.0
201011,45.1,1.2
201012,30.0,-4.1
201101,29.2,-2.1
201102,37.4,4.2
201103,44.0,1.8
201104,56.7,4.6
201105,65.5,3.2
201106,73.1,2.6
201107,79.1,4.2
201108,75.0,2.1
201109,68.2,1.7
201110,54.3,-0.8
201111,48.5,4.6
201112,39.9,5.8
201201,36.1,4.8
201202,40.5,7.3
201203,52.6,10.4
201204,53.5,1.4
201205,67.7,5.4
201206,70.6,0.1
201207,78.9,4.0
201208,75.4,2.5
201209,66.8,0.3
201210,55.6,0.5
201211,41.1,-2.8
201212,40.0,5.9
201301,36.0,4.7
201302,34.2,1.0
201303,39.4,-2.8
201304,54.8,2.7
201305,61.8,-0.5
201306,72.1,1.6
201307,76.8,1.9
201308,71.6,-1.3
201309,65.5,-1.0
201310,56.6,1.5
201311,41.7,-2.2
201312,37.2,3.1
201401,25.6,-5.7
201402,32.7,-0.5
201403,36.9,-5.3
201404,53.1,1.0
201405,63.5,1.2
201406,71.8,1.3
201407,73.8,-1.1
201408,71.0,-1.9
201409,66.8,0.3
201410,56.9,1.8
201411,41.3,-2.6
201412,38.5,4.4
201501,29.0,-2.3
201502,25.2,-8.0
201503,39.0,-3.2
201504,54.1,2.0
201505,67.7,5.4
201506,72.5,2.0
201507,74.7,-0.2
201508,73.2,0.3
201509,69.7,3.2
201510,54.4,-0.7
201511,49.9,6.0
201512,47.2,13.1
201601,30.9,-0.4
201602,36.0,2.8
201603,49.6,7.4
201604,53.2,1.1
201605,60.7,-1.6
201606,72.2,1.7
201607,78.0,3.1
201608,77.7,4.8
201609,71.4,4.9
201610,58.4,3.3
201611,47.2,3.3
201612,37.3,3.2
201701,37.9,6.6
201702,43.5,10.3
201703,42.7,0.5
201704,59.5,7.4
201705,61.5,-0.8
201706,72.2,1.7
201707,76.6,1.7
201708,71.9,-1.0
201709,67.0,0.5
201710,60.2,5.1
201711,44.4,0.5
201712,34.9,0.8
201801,31.0,-0.3
201802,41.3,8.1
201803,38.9,-3.3
201804,51.4,-0.7
201805,69.0,6.7
201806,71.8,1.3
201807,75.8,0.9
201808,76.2,3.3
201809,71.3,4.8
201810,58.2,3.1
201811,42.5,-1.4
201812,37.9,3.8
201901,33.2,1.9
201902,37.6,4.4
201903,42.5,0.3
201904,58.2,6.1
201905,67.5,5.2
201906,72.1,1.6
201907,78.2,3.3
201908,75.1,2.2
201909,71.8,5.3
201910,59.2,4.1
201911,41.9,-2.0
201912,38.0,3.9
202001,38.3,7.0
202002,41.0,7.8
202003,49.5,7.3
202004,51.7,-0.4
202005,60.7,-1.6
202006,72.5,2.0
202007,79.9,5.0
202008,76.2,3.3
202009,66.1,-0.4
202010,57.9,2.8
202011,50.8,6.9
202012,37.8,3.7
202101,34.8,3.5
202102,34.4,1.2
202103,47.3,5.1
202104,55.0,2.9
202105,61.2,-1.1
202106,72.7,2.2
202107,76.7,1.8
202108,76.9,4.0
202109,68.6,2.1
202110,62.0,6.9
202111,43.4,-0.5
202112,43.3,9.2
202201,30.0,-1.3
202202,38.3,5.1
202203,46.6,4.4
202204,53.0,0.9
202205,64.0,1.7
202206,71.6,1.1
202207,76.6,1.7
202208,75.6,2.7
202209,67.8,1.3
202210,53.7,-1.4
202211,47.8,3.9
202212,35.8,1.7
202301,41.8,10.5
202302,44.0,10.8
202303,45.7,3.5
202304,58.6,6.5
202305,60.8,-1.5
202306,68.8,-1.7
202307,78.2,3.3
202308,75.2,2.3
202309,69.1,2.6
202310,58.9,3.8
202311,44.9,1.0
202312,41.8,7.7
202401,35.9,4.6
202402,41.4,8.2
202403,48.7,6.5
202404,57.8,5.7
202405,66.1,3.8
202406,74.8,4.3
202407,79.5,4.6
202408,75.2,2.3
202409,67.9,1.4
202410,57.7,2.6
